,cv10,cv05,cv01
0.1,2.2713822606508955,2.8145896122882954,4.091603996775806
0.101,2.1413423824194626,2.6352090159947252,4.091603996775806
0.10200000000000001,2.1413423824194626,2.6352090159947252,4.091603996775806
0.10300000000000001,2.1413423824194626,2.6352090159947252,4.091603996775806
0.10400000000000001,2.1413423824194626,2.6352090159947252,4.091603996775806
0.10500000000000001,2.1413423824194626,2.6352090159947252,4.091603996775806
0.10600000000000001,2.1413423824194626,2.6352090159947252,4.091603996775806
0.10700000000000001,2.1413423824194626,2.6352090159947252,4.091603996775806
0.10800000000000001,2.1413423824194626,2.6352090159947252,4.091603996775806
0.10900000000000001,2.1228836849926465,2.506393658166849,4.013283461663266
0.11,2.250155064264888,2.3814190245089595,3.5574390043606323
0.111,2.254767547089821,2.428904884589835,3.5574390043606323
0.112,2.254767547089821,2.428904884589835,3.5574390043606323
0.113,2.254767547089821,2.428904884589835,3.5574390043606323
0.114,2.254767547089821,2.428904884589835,3.5574390043606323
0.115,2.254767547089821,2.428904884589835,3.5574390043606323
0.116,2.254767547089821,2.428904884589835,3.5574390043606323
0.117,2.254767547089821,2.428904884589835,3.5574390043606323
0.11800000000000001,2.254767547089821,2.428904884589835,3.5574390043606323
0.11900000000000001,2.0751360995925703,2.286221483526892,3.3964351798561054
0.12000000000000001,2.09392544803553,2.286221483526892,2.742285922767086
0.12100000000000001,2.09392544803553,2.286221483526892,2.8260926919615392
0.122,2.09392544803553,2.286221483526892,2.8260926919615392
0.123,2.09392544803553,2.286221483526892,2.8260926919615392
0.124,2.09392544803553,2.286221483526892,2.8260926919615392
0.125,2.09392544803553,2.286221483526892,2.8260926919615392
0.126,2.09392544803553,2.286221483526892,2.8260926919615392
0.127,2.09392544803553,2.286221483526892,2.8260926919615392
0.128,2.09392544803553,2.286221483526892,2.8260926919615392
0.129,1.560536609023282,1.9959822142986463,2.8260926919615392
0.13,1.848816321649942,2.0932733187383854,2.8260926919615392
0.131,1.8576348721354194,2.151403778625418,2.993981803534207
0.132,1.8576348721354194,2.151403778625418,2.993981803534207
0.133,1.8576348721354194,2.151403778625418,2.993981803534207
0.134,1.8576348721354194,2.151403778625418,2.993981803534207
0.135,1.8576348721354194,2.151403778625418,2.993981803534207
0.136,1.8576348721354194,2.151403778625418,2.993981803534207
0.137,1.8576348721354194,2.151403778625418,2.993981803534207
0.138,1.8576348721354194,2.151403778625418,2.993981803534207
0.139,1.7091548085221417,2.001398779981251,2.788480229162481
0.14,1.6433720680835848,2.001398779981251,2.788480229162481
0.14100000000000001,1.6433720680835848,2.001398779981251,2.979977247966738
0.14200000000000002,1.6433720680835848,2.001398779981251,2.979977247966738
0.14300000000000002,1.6433720680835848,2.001398779981251,2.979977247966738
0.14400000000000002,1.6433720680835848,2.001398779981251,2.979977247966738
0.14500000000000002,1.6433720680835848,2.001398779981251,2.979977247966738
0.14600000000000002,1.6433720680835848,2.001398779981251,2.979977247966738
0.14700000000000002,1.6433720680835848,2.001398779981251,2.979977247966738
0.14800000000000002,1.6433720680835848,2.001398779981251,2.979977247966738
0.14900000000000002,1.5394111942770283,1.6924243796224658,2.979977247966738
0.15000000000000002,1.5533358508634163,1.7065325773786324,2.979977247966738
0.15100000000000002,1.619932873837977,1.7732814897776956,3.153338762360932
0.15200000000000002,1.619932873837977,1.7732814897776956,3.153338762360932
0.153,1.619932873837977,1.7732814897776956,3.153338762360932
0.154,1.619932873837977,1.7732814897776956,3.153338762360932
0.155,1.619932873837977,1.7732814897776956,3.153338762360932
0.156,1.619932873837977,1.7732814897776956,3.153338762360932
0.157,1.619932873837977,1.7732814897776956,3.153338762360932
0.158,1.619932873837977,1.7732814897776956,3.153338762360932
0.159,1.469299504766383,1.703694950273764,3.153338762360932
0.16,1.5113543871611161,1.7714703771464613,2.975165976014268
0.161,1.5705416524594877,1.793280792257133,3.1812045187691567
0.162,1.5705416524594877,1.793280792257133,3.1812045187691567
0.163,1.5705416524594877,1.793280792257133,3.1812045187691567
0.164,1.5705416524594877,1.793280792257133,3.1812045187691567
0.165,1.5705416524594877,1.793280792257133,3.1812045187691567
0.166,1.5705416524594877,1.793280792257133,3.1812045187691567
0.167,1.5705416524594877,1.793280792257133,3.1812045187691567
0.168,1.5705416524594877,1.793280792257133,3.1812045187691567
0.169,1.532488691870576,1.770541611954283,2.5210926957332016
0.17,1.5619722007662926,1.6998310804403043,2.300479579139898
0.171,1.578783667540801,1.7068021445377457,2.300479579139898
0.17200000000000001,1.578783667540801,1.7068021445377457,2.300479579139898
0.173,1.578783667540801,1.7068021445377457,2.300479579139898
0.174,1.578783667540801,1.7068021445377457,2.300479579139898
0.175,1.578783667540801,1.7068021445377457,2.300479579139898
0.176,1.578783667540801,1.7068021445377457,2.300479579139898
0.177,1.578783667540801,1.7068021445377457,2.300479579139898
0.178,1.578783667540801,1.7068021445377457,2.300479579139898
0.179,1.578783667540801,1.7031896740271093,2.1058841172253464
0.18,1.5957914257824055,1.815095487732931,2.1057369752439694
0.181,1.5957914257824055,1.815095487732931,2.1629827862379316
0.182,1.5957914257824055,1.815095487732931,2.1629827862379316
0.183,1.5957914257824055,1.815095487732931,2.1629827862379316
0.184,1.5957914257824055,1.815095487732931,2.1629827862379316
0.185,1.5957914257824055,1.815095487732931,2.1629827862379316
0.186,1.5957914257824055,1.815095487732931,2.1629827862379316
0.187,1.5482211710450786,1.6977145129789406,1.9983153489417673
0.188,1.5957914257824055,1.815095487732931,2.1629827862379316
0.189,1.5957914257824055,1.8143213132814668,2.1629827862379316
0.19,1.5347956611240343,1.8169428282088376,2.1629827862379316
0.191,1.561593865995424,1.876365806538207,2.1629827862379316
0.192,1.561593865995424,1.876365806538207,2.1629827862379316
0.193,1.561593865995424,1.876365806538207,2.1629827862379316
0.194,1.561593865995424,1.876365806538207,2.1629827862379316
0.195,1.561593865995424,1.876365806538207,2.1629827862379316
0.196,1.561593865995424,1.876365806538207,2.1629827862379316
0.197,1.561593865995424,1.876365806538207,2.1629827862379316
0.198,1.561593865995424,1.876365806538207,2.1629827862379316
0.199,1.561593865995424,1.876365806538207,2.1629827862379316
0.2,1.626617063434308,1.8350758000289022,2.0687759958922265
0.201,1.6298448520688553,1.8350758000289022,2.0687759958922265
0.202,1.6298448520688553,1.8350758000289022,2.0687759958922265
0.203,1.6298448520688553,1.8350758000289022,2.0687759958922265
0.20400000000000001,1.6298448520688553,1.8350758000289022,2.0687759958922265
0.20500000000000002,1.6298448520688553,1.8350758000289022,2.0687759958922265
0.20600000000000002,1.6298448520688553,1.8350758000289022,2.0687759958922265
0.20700000000000002,1.6298448520688553,1.8350758000289022,2.0687759958922265
0.20800000000000002,1.6298448520688553,1.8350758000289022,2.0687759958922265
0.20900000000000002,1.62518625859745,1.8287737648505522,2.0687759958922265
0.21000000000000002,1.6762364144921995,1.8238028911523936,2.0817902195179236
0.21100000000000002,1.6762364144921995,1.8238028911523936,2.084668495929626
0.21200000000000002,1.6762364144921995,1.8238028911523936,2.084668495929626
0.21300000000000002,1.6762364144921995,1.8238028911523936,2.084668495929626
0.21400000000000002,1.6762364144921995,1.8238028911523936,2.084668495929626
0.21500000000000002,1.6762364144921995,1.8238028911523936,2.084668495929626
0.21600000000000003,1.6762364144921995,1.8238028911523936,2.084668495929626
0.21700000000000003,1.6762364144921995,1.8238028911523936,2.084668495929626
0.21800000000000003,1.6762364144921995,1.8238028911523936,2.084668495929626
0.21900000000000003,1.6387125088702488,1.808040505815069,2.084668495929626
0.22,1.6392065747116884,1.8648904000198443,2.084668495929626
0.221,1.676651432977244,1.8648904000198443,2.084668495929626
0.222,1.676651432977244,1.8648904000198443,2.084668495929626
0.223,1.676651432977244,1.8648904000198443,2.084668495929626
0.224,1.676651432977244,1.8648904000198443,2.084668495929626
0.225,1.676651432977244,1.8648904000198443,2.084668495929626
0.226,1.676651432977244,1.8648904000198443,2.084668495929626
0.227,1.676651432977244,1.8648904000198443,2.084668495929626
0.228,1.676651432977244,1.8648904000198443,2.084668495929626
0.229,1.676651432977244,1.8648904000198443,2.0686695719495765
0.23,1.6787024842278775,1.8677550933984237,2.0734246932598954
0.231,1.6859416763320711,1.8677550933984237,2.0736929008272518
0.232,1.6859416763320711,1.8677550933984237,2.0736929008272518
0.233,1.6859416763320711,1.8677550933984237,2.0736929008272518
0.234,1.6859416763320711,1.8677550933984237,2.0736929008272518
0.23500000000000001,1.6859416763320711,1.8677550933984237,2.0736929008272518
0.23600000000000002,1.6859416763320711,1.8677550933984237,2.0736929008272518
0.23700000000000002,1.6859416763320711,1.8677550933984237,2.0736929008272518
0.23800000000000002,1.6859416763320711,1.8677550933984237,2.0736929008272518
0.23900000000000002,1.6859416763320711,1.9083536891104615,2.1419499134634257
0.24000000000000002,1.6902451977838329,1.913744797247442,2.255976030756425
0.24100000000000002,1.6902451977838329,1.913744797247442,2.255976030756425
0.24200000000000002,1.6902451977838329,1.913744797247442,2.255976030756425
0.24300000000000002,1.3841474713268025,1.6776693868936703,1.9664889172094597
0.24400000000000002,1.6902451977838329,1.913744797247442,2.255976030756425
0.245,1.6902451977838329,1.913744797247442,2.255976030756425
0.246,1.6902451977838329,1.913744797247442,2.255976030756425
0.247,1.6902451977838329,1.913744797247442,2.255976030756425
0.248,1.6902451977838329,1.913744797247442,2.255976030756425
0.249,1.6902451977838329,1.913744797247442,2.255976030756425
0.25,1.6109160422398876,1.7977255326681674,2.1412776948302517
0.251,1.662222866850538,1.8214326561931609,2.1422893903362374
0.252,1.662222866850538,1.8214326561931609,2.1422893903362374
0.253,1.662222866850538,1.8214326561931609,2.1422893903362374
0.254,1.662222866850538,1.8214326561931609,2.1422893903362374
0.255,1.662222866850538,1.8214326561931609,2.1422893903362374
0.256,1.662222866850538,1.8214326561931609,2.1422893903362374
0.257,1.662222866850538,1.8214326561931609,2.1422893903362374
0.258,1.662222866850538,1.8214326561931609,2.1422893903362374
0.259,1.6564087556714697,1.8053673355148643,2.072705994235853
0.26,1.595491105324948,1.8053673355148643,1.9836471211001487
0.261,1.6066476993853054,1.8085579342958114,1.9836471211001487
0.262,1.6066476993853054,1.8085579342958114,1.9836471211001487
0.263,1.6066476993853054,1.8085579342958114,1.9836471211001487
0.264,1.6066476993853054,1.8085579342958114,1.9836471211001487
0.265,1.6066476993853054,1.8085579342958114,1.9836471211001487
0.266,1.6066476993853054,1.8085579342958114,1.9836471211001487
0.267,1.6066476993853054,1.8085579342958114,1.9836471211001487
0.268,1.6066476993853054,1.8085579342958114,1.9836471211001487
0.269,1.558081050744616,1.7893974206272385,1.9836471211001487
0.27,1.558081050744616,1.745966648088746,1.9297511144710493
0.271,1.558081050744616,1.745966648088746,1.982990400171812
0.272,1.558081050744616,1.745966648088746,1.982990400171812
0.273,1.558081050744616,1.745966648088746,1.982990400171812
0.274,1.558081050744616,1.745966648088746,1.982990400171812
0.275,1.558081050744616,1.745966648088746,1.982990400171812
0.276,1.558081050744616,1.745966648088746,1.982990400171812
0.277,1.558081050744616,1.745966648088746,1.982990400171812
0.278,1.558081050744616,1.745966648088746,1.982990400171812
0.279,1.448159391457051,1.6913435833423442,1.9328603151752561
0.28,1.4987765998068168,1.7006872287413388,1.875451194863911
0.281,1.4987765998068168,1.7006872287413388,1.8788382655489324
0.28200000000000003,1.4987765998068168,1.7006872287413388,1.8788382655489324
0.28300000000000003,1.4987765998068168,1.7006872287413388,1.8788382655489324
0.28400000000000003,1.4987765998068168,1.7006872287413388,1.8788382655489324
0.28500000000000003,1.4987765998068168,1.7006872287413388,1.8788382655489324
0.28600000000000003,1.4987765998068168,1.7006872287413388,1.8788382655489324
0.28700000000000003,1.4987765998068168,1.7006872287413388,1.8788382655489324
0.28800000000000003,1.4987765998068168,1.7006872287413388,1.8788382655489324
0.28900000000000003,1.4347102601867725,1.6284042912898427,1.8788382655489324
0.29000000000000004,1.4432065331871027,1.6321338573069426,1.9714764647170702
0.29100000000000004,1.4970095096737905,1.6321338573069426,1.9730888169682386
0.29200000000000004,1.4970095096737905,1.6321338573069426,1.9730888169682386
0.29300000000000004,1.4970095096737905,1.6321338573069426,1.9730888169682386
0.29400000000000004,1.4970095096737905,1.6321338573069426,1.9730888169682386
0.29500000000000004,1.4970095096737905,1.6321338573069426,1.9730888169682386
0.29600000000000004,1.4970095096737905,1.6321338573069426,1.9730888169682386
0.29700000000000004,1.4970095096737905,1.6321338573069426,1.9730888169682386
0.29800000000000004,1.4970095096737905,1.6321338573069426,1.9730888169682386
0.29900000000000004,1.4148623924312693,1.5789175659541757,1.9730888169682386
0.30000000000000004,1.4196327159756619,1.5872162408737673,2.0464500190033466
0.30100000000000005,1.4196327159756619,1.5872162408737673,2.0464500190033466
0.30200000000000005,1.4196327159756619,1.5872162408737673,2.0464500190033466
0.30300000000000005,1.4196327159756619,1.5872162408737673,2.0464500190033466
0.30400000000000005,1.4196327159756619,1.5872162408737673,2.0464500190033466
0.30500000000000005,1.4196327159756619,1.5872162408737673,2.0464500190033466
0.30600000000000005,1.4196327159756619,1.5872162408737673,2.0464500190033466
0.30700000000000005,1.321545225855707,1.5090214744302848,1.8430652333847706
0.30800000000000005,1.4196327159756619,1.5872162408737673,2.0464500190033466
0.309,1.4196327159756619,1.5856918419177144,2.0464500190033466
0.31,1.3377709198619365,1.588448162078792,2.0464500190033466
0.311,1.3377709198619365,1.588448162078792,2.0469173599153145
0.312,1.3377709198619365,1.588448162078792,2.0469173599153145
0.313,1.3377709198619365,1.588448162078792,2.0469173599153145
0.314,1.3377709198619365,1.588448162078792,2.0469173599153145
0.315,1.3377709198619365,1.588448162078792,2.0469173599153145
0.316,1.3377709198619365,1.588448162078792,2.0469173599153145
0.317,1.3377709198619365,1.588448162078792,2.0469173599153145
0.318,1.3377709198619365,1.588448162078792,2.0469173599153145
0.319,1.2846243739227354,1.588448162078792,2.0469173599153145
0.32,1.2507699752868953,1.582012891763412,2.06206602741863
0.321,1.2507699752868953,1.582012891763412,2.0630101194693915
0.322,1.2507699752868953,1.582012891763412,2.0630101194693915
0.323,1.2507699752868953,1.582012891763412,2.0630101194693915
0.324,1.2507699752868953,1.582012891763412,2.0630101194693915
0.325,1.2507699752868953,1.582012891763412,2.0630101194693915
0.326,1.2507699752868953,1.582012891763412,2.0630101194693915
0.327,1.2507699752868953,1.582012891763412,2.0630101194693915
0.328,1.2507699752868953,1.582012891763412,2.0630101194693915
0.329,1.1909078105015984,1.4860371420642249,2.0630101194693915
0.33,1.1909078105015984,1.4876426968874434,2.0857578542126056
0.331,1.1909078105015984,1.4876426968874434,2.0866116648473727
0.332,1.1909078105015984,1.4876426968874434,2.0866116648473727
0.333,1.1909078105015984,1.4876426968874434,2.0866116648473727
0.334,1.1909078105015984,1.4876426968874434,2.0866116648473727
0.335,1.1909078105015984,1.4876426968874434,2.0866116648473727
0.336,1.1909078105015984,1.4876426968874434,2.0866116648473727
0.337,1.1909078105015984,1.4876426968874434,2.0866116648473727
0.338,1.1909078105015984,1.4876426968874434,2.0866116648473727
0.339,1.1521136258939555,1.3669273527687869,2.0866116648473727
0.33999999999999997,1.1224043207332777,1.405150720702987,2.0866116648473727
0.34099999999999997,1.1224043207332777,1.405150720702987,2.086925633057988
0.34199999999999997,1.1224043207332777,1.405150720702987,2.086925633057988
0.34299999999999997,1.1224043207332777,1.405150720702987,2.086925633057988
0.344,1.1224043207332777,1.405150720702987,2.086925633057988
0.345,1.1224043207332777,1.405150720702987,2.086925633057988
0.346,1.1224043207332777,1.405150720702987,2.086925633057988
0.347,1.1224043207332777,1.405150720702987,2.086925633057988
0.348,1.1224043207332777,1.405150720702987,2.086925633057988
0.349,1.1224043207332777,1.4037865833318401,2.0853372222454825
0.35,0.9680582489192197,1.079311411418793,1.546211755547348
0.351,1.152623692766345,1.4037865833318401,2.1061834702564086
0.352,1.152623692766345,1.4037865833318401,2.1061834702564086
0.353,1.152623692766345,1.4037865833318401,2.1061834702564086
0.354,1.152623692766345,1.4037865833318401,2.1061834702564086
0.355,1.152623692766345,1.4037865833318401,2.1061834702564086
0.356,1.152623692766345,1.4037865833318401,2.1061834702564086
0.357,1.152623692766345,1.4037865833318401,2.1061834702564086
0.358,1.152623692766345,1.4037865833318401,2.1061834702564086
0.359,1.152623692766345,1.4000470134049292,2.1061834702564086
0.36,1.034349064665931,1.237951287857276,2.1042292275633194
0.361,1.034349064665931,1.241047154245102,2.150329030855005
0.362,1.034349064665931,1.241047154245102,2.150329030855005
0.363,1.034349064665931,1.241047154245102,2.150329030855005
0.364,1.034349064665931,1.241047154245102,2.150329030855005
0.365,1.034349064665931,1.241047154245102,2.150329030855005
0.366,1.034349064665931,1.241047154245102,2.150329030855005
0.367,1.034349064665931,1.241047154245102,2.150329030855005
0.368,1.034349064665931,1.241047154245102,2.150329030855005
0.369,1.007664720965718,1.2297802003307572,2.1500896019276894
0.37,0.9570297546063375,1.2369427680742262,2.1500896019276894
0.371,0.9761298754179054,1.2369427680742262,2.315936915204041
0.372,0.9761298754179054,1.2369427680742262,2.315936915204041
0.373,0.9761298754179054,1.2369427680742262,2.315936915204041
0.374,0.9761298754179054,1.2369427680742262,2.315936915204041
0.375,0.9761298754179054,1.2369427680742262,2.315936915204041
0.376,0.9761298754179054,1.2369427680742262,2.315936915204041
0.377,0.9761298754179054,1.2369427680742262,2.315936915204041
0.378,0.9761298754179054,1.2369427680742262,2.315936915204041
0.379,0.9761298754179054,1.2369427680742262,2.315936915204041
0.38,0.9575389220022894,1.2073555446186313,2.315936915204041
0.381,0.9983111292522775,1.2073555446186313,2.4212899880794656
0.382,0.9983111292522775,1.2073555446186313,2.4212899880794656
0.383,0.9983111292522775,1.2073555446186313,2.4212899880794656
0.384,0.9983111292522775,1.2073555446186313,2.4212899880794656
0.385,0.9983111292522775,1.2073555446186313,2.4212899880794656
0.386,0.9983111292522775,1.2073555446186313,2.4212899880794656
0.387,0.9983111292522775,1.2073555446186313,2.4212899880794656
0.388,0.9983111292522775,1.2073555446186313,2.4212899880794656
0.389,1.017895233080985,1.1897141652042602,2.4212899880794656
0.39,1.0053123550022356,1.1106271878609195,2.4212899880794656
0.391,1.0393724856920783,1.1192534976396542,2.483790735981067
0.392,1.0393724856920783,1.1192534976396542,2.483790735981067
0.393,1.0393724856920783,1.1192534976396542,2.483790735981067
0.394,1.0393724856920783,1.1192534976396542,2.483790735981067
0.395,1.0393724856920783,1.1192534976396542,2.483790735981067
0.396,1.0393724856920783,1.1192534976396542,2.483790735981067
0.397,1.0393724856920783,1.1192534976396542,2.483790735981067
0.398,1.0393724856920783,1.1192534976396542,2.483790735981067
0.399,0.9782593876688555,1.1192534976396542,2.483790735981067
0.4,0.9782593876688555,1.1366922180407846,2.483790735981067
0.401,0.9900212451417526,1.1366922180407846,2.484539829684306
0.402,0.9900212451417526,1.1366922180407846,2.484539829684306
0.403,0.9900212451417526,1.1366922180407846,2.484539829684306
0.404,0.9900212451417526,1.1366922180407846,2.484539829684306
0.405,0.9900212451417526,1.1366922180407846,2.484539829684306
0.406,0.9900212451417526,1.1366922180407846,2.484539829684306
0.40700000000000003,0.9900212451417526,1.1366922180407846,2.484539829684306
0.40800000000000003,0.9900212451417526,1.1366922180407846,2.484539829684306
0.40900000000000003,0.9817333724509133,1.1366922180407846,2.484539829684306
0.41000000000000003,0.9817333724509133,1.2080514294058804,2.2473651198032862
0.41100000000000003,0.9853608977807117,1.2080514294058804,2.2482575665108877
0.41200000000000003,0.9853608977807117,1.2080514294058804,2.2482575665108877
0.41300000000000003,0.9853608977807117,1.2080514294058804,2.2482575665108877
0.41400000000000003,0.9853608977807117,1.2080514294058804,2.2482575665108877
0.41500000000000004,0.9853608977807117,1.2080514294058804,2.2482575665108877
0.41600000000000004,0.9853608977807117,1.2080514294058804,2.2482575665108877
0.41700000000000004,0.9853608977807117,1.2080514294058804,2.2482575665108877
0.41800000000000004,0.9853608977807117,1.2080514294058804,2.2482575665108877
0.41900000000000004,0.9853608977807117,1.1820591005404817,2.2415435827103463
0.42000000000000004,0.932461720326198,1.2189222692598887,2.0805353147740564
0.42100000000000004,0.9339101511855207,1.2189222692598887,2.0805398400434645
0.42200000000000004,0.9339101511855207,1.2189222692598887,2.0805398400434645
0.42300000000000004,0.9339101511855207,1.2189222692598887,2.0805398400434645
0.42400000000000004,0.9339101511855207,1.2189222692598887,2.0805398400434645
0.42500000000000004,0.9339101511855207,1.2189222692598887,2.0805398400434645
0.42600000000000005,0.9339101511855207,1.2189222692598887,2.0805398400434645
0.42700000000000005,0.9339101511855207,1.2189222692598887,2.0805398400434645
0.42800000000000005,0.9339101511855207,1.2189222692598887,2.0805398400434645
0.42900000000000005,0.9264728048982886,1.1259313423559492,1.8611029183307266
0.43000000000000005,0.9264728048982886,1.1601175138381603,1.8611029183307266
0.43100000000000005,0.9264728048982886,1.1601175138381603,1.8618477346553945
0.43200000000000005,0.9264728048982886,1.1601175138381603,1.8618477346553945
0.43300000000000005,0.9264728048982886,1.1601175138381603,1.8618477346553945
0.43400000000000005,0.9264728048982886,1.1601175138381603,1.8618477346553945
0.43500000000000005,0.9264728048982886,1.1601175138381603,1.8618477346553945
0.43600000000000005,0.9264728048982886,1.1601175138381603,1.8618477346553945
0.43700000000000006,0.9264728048982886,1.1601175138381603,1.8618477346553945
0.43800000000000006,0.9264728048982886,1.1601175138381603,1.8618477346553945
0.43900000000000006,0.8596462483005811,1.1441524161877699,1.8506861313744283
0.44000000000000006,0.876149297749635,1.1612617867038177,1.8506861313744283
0.44100000000000006,0.876149297749635,1.1612617867038177,1.8513249440988966
0.44200000000000006,0.876149297749635,1.1612617867038177,1.8513249440988966
0.44300000000000006,0.876149297749635,1.1612617867038177,1.8513249440988966
0.44400000000000006,0.876149297749635,1.1612617867038177,1.8513249440988966
0.44500000000000006,0.876149297749635,1.1612617867038177,1.8513249440988966
0.44600000000000006,0.876149297749635,1.1612617867038177,1.8513249440988966
0.44700000000000006,0.876149297749635,1.1612617867038177,1.8513249440988966
0.44800000000000006,0.876149297749635,1.1612617867038177,1.8513249440988966
0.44900000000000007,0.876149297749635,1.15737004618065,1.6995856468286634
0.45000000000000007,0.8668988714637911,1.1597988997941693,1.8228244603359622
0.45100000000000007,0.33836380738156274,0.6459437481345851,1.220238106422169
0.45199999999999996,0.8668988714637911,1.1597988997941693,1.8228244603359622
0.45299999999999996,0.8668988714637911,1.1597988997941693,1.8228244603359622
0.45399999999999996,0.8668988714637911,1.1597988997941693,1.8228244603359622
0.45499999999999996,0.8668988714637911,1.1597988997941693,1.8228244603359622
0.45599999999999996,0.8668988714637911,1.1597988997941693,1.8228244603359622
0.45699999999999996,0.8668988714637911,1.1597988997941693,1.8228244603359622
0.45799999999999996,0.8668988714637911,1.1597988997941693,1.8228244603359622
0.45899999999999996,0.8668988714637911,1.1597988997941693,1.8228244603359622
0.45999999999999996,0.8531459259389028,1.1508840582390465,1.8228244603359622
0.46099999999999997,0.9083946035702131,1.1524444746171838,2.0059629151630824
0.46199999999999997,0.9083946035702131,1.1524444746171838,2.0059629151630824
0.46299999999999997,0.9083946035702131,1.1524444746171838,2.0059629151630824
0.46399999999999997,0.9083946035702131,1.1524444746171838,2.0059629151630824
0.46499999999999997,0.9083946035702131,1.1524444746171838,2.0059629151630824
0.46599999999999997,0.9083946035702131,1.1524444746171838,2.0059629151630824
0.46699999999999997,0.9083946035702131,1.1524444746171838,2.0059629151630824
0.46799999999999997,0.9083946035702131,1.1524444746171838,2.0059629151630824
0.469,0.9083946035702131,1.1524444746171838,2.0059629151630824
0.47,0.8754938157408457,1.0318717593792286,2.0059629151630824
0.471,0.8877829345160506,1.0396989101345941,2.1845082442504187
0.472,0.8877829345160506,1.0396989101345941,2.1845082442504187
0.473,0.8877829345160506,1.0396989101345941,2.1845082442504187
0.474,0.8877829345160506,1.0396989101345941,2.1845082442504187
0.475,0.8877829345160506,1.0396989101345941,2.1845082442504187
0.476,0.8877829345160506,1.0396989101345941,2.1845082442504187
0.477,0.8877829345160506,1.0396989101345941,2.1845082442504187
0.478,0.8877829345160506,1.0396989101345941,2.1845082442504187
0.479,0.8877829345160506,1.0396989101345941,2.1845082442504187
0.48,0.7112598267949934,1.037543458469265,2.1845082442504187
0.481,0.7112598267949934,1.037543458469265,2.2618342421783386
0.482,0.7112598267949934,1.037543458469265,2.2618342421783386
0.483,0.7112598267949934,1.037543458469265,2.2618342421783386
0.484,0.7112598267949934,1.037543458469265,2.2618342421783386
0.485,0.7112598267949934,1.037543458469265,2.2618342421783386
0.486,0.7112598267949934,1.037543458469265,2.2618342421783386
0.487,0.7112598267949934,1.037543458469265,2.2618342421783386
0.488,0.7112598267949934,1.037543458469265,2.2618342421783386
0.489,0.7098016620866823,1.037543458469265,2.2618342421783386
0.49,0.66210633045695,0.9242132730315561,2.259248952410667
0.491,0.6687881458846802,0.9242132730315561,2.259248952410667
0.492,0.6687881458846802,0.9242132730315561,2.259248952410667
0.493,0.6687881458846802,0.9242132730315561,2.259248952410667
0.494,0.6687881458846802,0.9242132730315561,2.259248952410667
0.495,0.6687881458846802,0.9242132730315561,2.259248952410667
0.496,0.6687881458846802,0.9242132730315561,2.259248952410667
0.497,0.6687881458846802,0.9242132730315561,2.259248952410667
0.498,0.6687881458846802,0.9242132730315561,2.259248952410667
0.499,0.6687881458846802,0.916239456806392,2.259248952410667
0.5,0.6205071504976839,0.9258376244512764,2.072846202971236
0.501,0.5995833208101842,0.8879340344546559,2.072846202971236
0.502,0.6427551963890276,0.9258376244512764,2.072846202971236
0.503,0.5995833208101842,0.8879340344546559,2.072846202971236
0.504,0.6427551963890276,0.9258376244512764,2.072846202971236
0.505,0.5995833208101842,0.8879340344546559,2.072846202971236
0.506,0.6427551963890276,0.9258376244512764,2.072846202971236
0.507,0.5995833208101842,0.8879340344546559,2.072846202971236
0.508,0.6427551963890276,0.9258376244512764,2.072846202971236
0.509,0.5995833208101842,0.8879340344546559,2.072846202971236
0.51,0.665087339177705,0.8870585797117013,1.7016078429515593
0.511,0.6744641158997421,0.8847290966222912,1.5683182583284443
0.512,0.7027999361199748,0.8888998686063468,1.7016078429515593
0.513,0.6744641158997421,0.8649652723031993,1.5683182583284443
0.514,0.7027999361199748,0.8888998686063468,1.7016078429515593
0.515,0.6744641158997421,0.8649652723031993,1.5683182583284443
0.516,0.7027999361199748,0.8888998686063468,1.7016078429515593
0.517,0.6744641158997421,0.8649652723031993,1.5683182583284443
0.518,0.7027999361199748,0.8888998686063468,1.7016078429515593
0.519,0.6744641158997421,0.8649652723031993,1.5683182583284443
0.52,0.7027999361199748,0.8891855053943634,1.683375510199347
0.521,0.589705307708229,0.8428081792348651,1.5678096998712459
0.522,0.7008665419941106,0.8891855053943634,1.683375510199347
0.523,0.589705307708229,0.8428081792348651,1.5678096998712459
0.524,0.7008665419941106,0.8891855053943634,1.683375510199347
0.525,0.589705307708229,0.8649652723031993,1.5678096998712459
0.526,0.7008665419941106,0.8891855053943634,1.683375510199347
0.527,0.589705307708229,0.8649652723031993,1.5678096998712459
0.528,0.7008665419941106,0.8891855053943634,1.683375510199347
0.529,0.589705307708229,0.8439452904566407,1.5678096998712459
0.53,0.7287420464610443,0.8711463620114803,1.6824732790095918
0.531,0.6645492848967735,0.8466695022812554,1.1573672478047712
0.532,0.7287420464610443,0.9411434366616963,1.6835839743418926
0.533,0.6645492848967735,0.8466695022812554,1.1573672478047712
0.534,0.7287420464610443,0.9411434366616963,1.6835839743418926
0.535,0.6645492848967735,0.8466695022812554,1.1573672478047712
0.536,0.7287420464610443,0.9411434366616963,1.6835839743418926
0.537,0.6645492848967735,0.8448480039847639,1.1573672478047712
0.538,0.7287420464610443,0.9411434366616963,1.6835839743418926
0.539,0.6252831479546834,0.8427446562142006,1.1573672478047712
0.54,0.6252831479546834,0.926337651621112,1.6450181077109753
0.541,0.6606536722543774,0.880905557096037,1.1573672478047712
0.542,0.6665269124192967,0.926337651621112,1.6450181077109753
0.543,0.6606536722543774,0.880905557096037,1.1573672478047712
0.544,0.6665269124192967,0.926337651621112,1.6450181077109753
0.545,0.6606536722543774,0.880905557096037,1.1573672478047712
0.546,0.6665269124192967,0.926337651621112,1.6450181077109753
0.547,0.6606536722543774,0.8574779536498973,1.1573672478047712
0.548,0.6665269124192967,0.926337651621112,1.6450181077109753
0.549,0.6606536722543774,0.8574779536498973,1.1193280936227585
0.55,0.6132093502036142,0.9275945505514729,1.437473084805798
0.551,0.6132093502036142,0.9275945505514729,1.1213698465026354
0.552,0.6132093502036142,0.9275945505514729,1.4389328131869008
0.553,0.6132093502036142,0.9275945505514729,1.1213698465026354
0.554,0.6132093502036142,0.9275945505514729,1.4389328131869008
0.555,0.6132093502036142,0.9275945505514729,1.1213698465026354
0.556,0.6132093502036142,0.9275945505514729,1.4389328131869008
0.557,0.6132093502036142,0.9275945505514729,1.1213698465026354
0.558,0.6132093502036142,0.9275945505514729,1.4389328131869008
0.559,0.6106974588847609,0.9079909781941387,1.1213698465026354
0.56,0.6207856570011427,0.9124361413433679,1.458504669380946
0.561,0.6207856570011427,0.9124361413433679,1.1309163774000262
0.562,0.6207856570011427,0.9124361413433679,1.4591139335656576
0.5630000000000001,0.6207856570011427,0.9124361413433679,1.4591139335656576
0.5640000000000001,0.6207856570011427,0.9124361413433679,1.4591139335656576
0.5650000000000001,0.6207856570011427,0.9124361413433679,1.4591139335656576
0.5660000000000001,0.6207856570011427,0.9124361413433679,1.4591139335656576
0.5670000000000001,0.6207856570011427,0.9124361413433679,1.4591139335656576
0.5680000000000001,0.6207856570011427,0.9124361413433679,1.4591139335656576
0.5690000000000001,0.5535778680281433,0.9117613488386347,1.4591139335656576
0.5700000000000001,0.5869747102278744,0.9224504753723977,1.4718814008893188
0.5710000000000001,0.5869747102278744,0.9224504753723977,1.4735475668376763
0.5720000000000001,0.5869747102278744,0.9224504753723977,1.4735475668376763
0.5730000000000001,0.5869747102278744,0.9224504753723977,1.4735475668376763
0.5740000000000001,0.5869747102278744,0.9224504753723977,1.4735475668376763
0.5750000000000001,0.5869747102278744,0.9224504753723977,1.4735475668376763
0.5760000000000001,0.5869747102278744,0.9224504753723977,1.4735475668376763
0.5770000000000001,0.5869747102278744,0.9224504753723977,1.4735475668376763
0.5780000000000001,0.5869747102278744,0.9224504753723977,1.4735475668376763
0.5790000000000001,0.2137906489332307,0.8046741556877786,0.9994097026619104
0.58,0.5628307337000172,0.9224504753723977,1.4735475668376763
0.581,0.5634162963541554,0.9224504753723977,1.4908521356642126
0.582,0.5634162963541554,0.9224504753723977,1.4908521356642126
0.583,0.5634162963541554,0.9224504753723977,1.4908521356642126
0.584,0.5634162963541554,0.9224504753723977,1.4908521356642126
0.585,0.5634162963541554,0.9224504753723977,1.4908521356642126
0.586,0.5634162963541554,0.9224504753723977,1.4908521356642126
0.587,0.5634162963541554,0.9224504753723977,1.4908521356642126
0.588,0.5633227485620773,0.9224504753723977,1.4908521356642126
0.589,0.5634162963541554,0.9224504753723977,1.4908521356642126
0.59,0.5423658003680188,0.8297675867753855,1.4908521356642126
0.591,0.5435778576893777,0.836712249414402,1.5028039331870773
0.592,0.5435778576893777,0.836712249414402,1.5028039331870773
0.593,0.5435778576893777,0.836712249414402,1.5028039331870773
0.594,0.541473576180869,0.836712249414402,1.5028039331870773
0.595,0.5435778576893777,0.836712249414402,1.5028039331870773
0.596,0.541473576180869,0.836712249414402,1.5028039331870773
0.597,0.5435778576893777,0.836712249414402,1.5028039331870773
0.598,0.541473576180869,0.836712249414402,1.5028039331870773
0.599,0.5435778576893777,0.836712249414402,1.5028039331870773
0.6,0.541473576180869,0.8068132768647094,1.5028039331870773
0.601,0.541473576180869,0.8068132768647094,1.5161026452702515
0.602,0.541473576180869,0.8068132768647094,1.5161026452702515
0.603,0.541473576180869,0.8068132768647094,1.5161026452702515
0.604,0.4917370642222366,0.8068132768647094,1.5161026452702515
0.605,0.541473576180869,0.8068132768647094,1.5161026452702515
0.606,0.4917370642222366,0.8068132768647094,1.5161026452702515
0.607,0.541473576180869,0.8068132768647094,1.5161026452702515
0.608,0.4342872258212464,0.8068132768647094,1.5161026452702515
0.609,0.541473576180869,0.8068132768647094,1.5161026452702515
0.61,0.40583327430064803,0.7546284105030064,1.5161026452702515
0.611,0.4100287382253087,0.8430070862187227,1.5246073622174998
0.612,0.40583327430064803,0.7896983079758751,1.5246073622174998
0.613,0.4100287382253087,0.8430070862187227,1.5246073622174998
0.614,0.39976006121811,0.7896983079758751,1.5246073622174998
0.615,0.4100287382253087,0.8430070862187227,1.5246073622174998
0.616,0.39976006121811,0.7896983079758751,1.5246073622174998
0.617,0.4100287382253087,0.8430070862187227,1.5246073622174998
0.618,0.39976006121811,0.7896983079758751,1.5246073622174998
0.619,0.4100287382253087,0.8430070862187227,1.5246073622174998
0.62,0.3940198783471892,0.8377211807950943,1.5241562320236903
0.621,0.4608629025646947,0.8654990535030213,1.524767331987176
0.622,0.4537891647347848,0.8400067571136086,1.524767331987176
0.623,0.4608629025646947,0.8654990535030213,1.524767331987176
0.624,0.4537891647347848,0.8400067571136086,1.524767331987176
0.625,0.4608629025646947,0.8654990535030213,1.524767331987176
0.626,0.4537891647347848,0.8400067571136086,1.524767331987176
0.627,0.4608629025646947,0.8654990535030213,1.524767331987176
0.628,0.4537891647347848,0.8400067571136086,1.524767331987176
0.629,0.4608629025646947,0.8654990535030213,1.524767331987176
0.63,0.4537891647347848,0.8403129028052385,1.5045454055926584
0.631,0.45837455089151885,0.8403129028052385,1.5045454055926584
0.632,0.45837455089151885,0.8403129028052385,1.5045454055926584
0.633,0.45837455089151885,0.8403129028052385,1.5045454055926584
0.634,0.4396860358680882,0.8403129028052385,1.5045454055926584
0.635,0.45837455089151885,0.8403129028052385,1.5045454055926584
0.636,0.4396860358680882,0.8403129028052385,1.5045454055926584
0.637,0.45837455089151885,0.8403129028052385,1.5045454055926584
0.638,0.4396860358680882,0.8403129028052385,1.3451749639603254
0.639,0.45837455089151885,0.8151960219550061,1.5045454055926584
0.64,0.40521126127229945,0.8151960219550061,1.344288674247557
0.641,0.4372446036204445,0.8180038422959025,1.383518621654152
0.642,0.4045494526231133,0.8180038422959025,1.3443962761186032
0.643,0.4372446036204445,0.8180038422959025,1.383518621654152
0.644,0.4045494526231133,0.8180038422959025,1.3443962761186032
0.645,0.4372446036204445,0.8180038422959025,1.383518621654152
0.646,0.4045494526231133,0.8180038422959025,1.3443962761186032
0.647,0.4372446036204445,0.8180038422959025,1.383518621654152
0.648,0.4045494526231133,0.8180038422959025,1.3443962761186032
0.649,0.4372446036204445,0.8007307245156764,1.383518621654152
0.65,0.39070773567555334,0.6184991336127751,1.2314593277694237
0.651,0.4220882762493191,0.8130875870109123,1.338599713309861
0.652,0.39497481538793,0.727953314321749,1.2404439231014994
0.653,0.4220882762493191,0.8130875870109123,1.338599713309861
0.654,0.39497481538793,0.727953314321749,1.2404439231014994
0.655,0.4220882762493191,0.8130875870109123,1.338599713309861
0.656,0.39497481538793,0.727953314321749,1.2404439231014994
0.657,0.4220882762493191,0.8130875870109123,1.338599713309861
0.658,0.39497481538793,0.727953314321749,1.2404439231014994
0.659,0.4164348657056502,0.8130875870109123,1.338599713309861
0.66,0.3952424365046848,0.7142941706329157,1.2366658635707979
0.661,0.42762038288884846,0.746298026958139,1.2366658635707979
0.662,0.3952424365046848,0.7152596818243045,1.2366658635707979
0.663,0.42762038288884846,0.746298026958139,1.2366658635707979
0.664,0.41304951800533424,0.7152596818243045,1.2366658635707979
0.665,0.42762038288884846,0.746298026958139,1.2366658635707979
0.666,0.41304951800533424,0.7152596818243045,1.2366658635707979
0.667,0.42762038288884846,0.746298026958139,1.2366658635707979
0.668,0.41304951800533424,0.7152596818243045,1.2366658635707979
0.669,0.4248545745649871,0.7457370249172569,1.2366658635707979
0.67,0.3946360173757571,0.6964553426339997,1.0347257874582145
0.671,0.42978033083619865,0.7738492603417013,1.0347257874582145
0.672,0.4219515051073025,0.6979349339721282,1.0347257874582145
0.673,0.42978033083619865,0.7738492603417013,1.0347257874582145
0.674,0.30355930494850303,0.6031892098087593,1.0347257874582145
0.675,0.42978033083619865,0.7738492603417013,1.0347257874582145
0.676,0.42978033083619865,0.7738492603417013,1.0347257874582145
0.6769999999999999,0.42978033083619865,0.7738492603417013,1.0347257874582145
0.6779999999999999,0.42978033083619865,0.7738492603417013,1.0347257874582145
0.6789999999999999,0.42978033083619865,0.7738492603417013,1.0347257874582145
0.6799999999999999,0.39659263084583907,0.7623016784965042,1.0250877853085694
0.6809999999999999,0.4214636611105641,0.7623016784965042,1.0251044203972068
0.6819999999999999,0.4214636611105641,0.7623016784965042,1.0251044203972068
0.6829999999999999,0.4214636611105641,0.7623016784965042,1.0251044203972068
0.6839999999999999,0.4214636611105641,0.7623016784965042,1.0251044203972068
0.6849999999999999,0.4214636611105641,0.7623016784965042,1.0251044203972068
0.6859999999999999,0.4214636611105641,0.7623016784965042,1.0251044203972068
0.6869999999999999,0.4214636611105641,0.7623016784965042,1.0251044203972068
0.688,0.4214636611105641,0.7623016784965042,1.0251044203972068
0.689,0.4214636611105641,0.7623016784965042,1.0251044203972068
0.69,0.37921568013733203,0.6129004937250547,0.9583870582150174
0.691,0.3925319240082571,0.6672980889459111,0.9583870582150174
0.692,0.3925319240082571,0.6672980889459111,0.9583870582150174
0.693,0.3925319240082571,0.6672980889459111,0.9583870582150174
0.694,0.3925319240082571,0.6672980889459111,0.9583870582150174
0.695,0.3925319240082571,0.6672980889459111,0.9583870582150174
0.696,0.3925319240082571,0.6672980889459111,0.9583870582150174
0.697,0.3925319240082571,0.6672980889459111,0.9583870582150174
0.698,0.3925319240082571,0.6672980889459111,0.9583870582150174
0.699,0.3925319240082571,0.6672980889459111,0.9489504023894677
0.7,0.3647584615902725,0.6670719971499764,0.8494491075947221
0.701,0.3677519209169826,0.6738567014985022,0.8494491075947221
0.702,0.3677519209169826,0.6738567014985022,0.8494491075947221
0.703,0.3677519209169826,0.6738567014985022,0.8494491075947221
0.704,0.3677519209169826,0.6738567014985022,0.8494491075947221
0.705,0.3677519209169826,0.6738567014985022,0.8494491075947221
0.706,0.3677519209169826,0.6738567014985022,0.8494491075947221
0.707,0.3677519209169826,0.6738567014985022,0.8494491075947221
0.708,0.3677519209169826,0.6738567014985022,0.8494491075947221
0.709,0.3677519209169826,0.6738567014985022,0.8494491075947221
0.71,0.2966823178237452,0.49222892072828023,0.700439840106544
0.711,0.3049299013573036,0.4953614038018325,0.7037260987206087
0.712,0.3049299013573036,0.4953614038018325,0.7037260987206087
0.713,0.3049299013573036,0.4953614038018325,0.7037260987206087
0.714,0.3049299013573036,0.4953614038018325,0.7037260987206087
0.715,0.3049299013573036,0.4953614038018325,0.7037260987206087
0.716,0.3049299013573036,0.4953614038018325,0.7037260987206087
0.717,0.3049299013573036,0.4953614038018325,0.7037260987206087
0.718,0.3049299013573036,0.4953614038018325,0.7037260987206087
0.719,0.3049299013573036,0.4953614038018325,0.7037260987206087
0.72,0.2618097910885242,0.48844011182430963,0.7037260987206087
0.721,0.30895635730273197,0.46901534131762757,0.7050855702702101
0.722,0.30895635730273197,0.46901534131762757,0.7050855702702101
0.723,0.30895635730273197,0.46901534131762757,0.7050855702702101
0.724,0.30895635730273197,0.46901534131762757,0.7050855702702101
0.725,0.30895635730273197,0.46901534131762757,0.7050855702702101
0.726,0.30895635730273197,0.46901534131762757,0.7050855702702101
0.727,0.30895635730273197,0.46901534131762757,0.7050855702702101
0.728,0.30895635730273197,0.46901534131762757,0.7050855702702101
0.729,0.30895635730273197,0.46901534131762757,0.7050855702702101
0.73,0.23354914916429162,0.36676380018310634,0.6388063014629405
0.731,0.2929027391869782,0.41664073775536875,0.6397400934261341
0.732,0.2929027391869782,0.41664073775536875,0.6397400934261341
0.733,0.2929027391869782,0.41664073775536875,0.6397400934261341
0.734,0.2929027391869782,0.41664073775536875,0.6397400934261341
0.735,0.2929027391869782,0.41664073775536875,0.6397400934261341
0.736,0.2929027391869782,0.41664073775536875,0.6397400934261341
0.737,0.2929027391869782,0.41664073775536875,0.6397400934261341
0.738,0.2929027391869782,0.41664073775536875,0.6397400934261341
0.739,0.2929027391869782,0.41664073775536875,0.6397400934261341
0.74,0.23572459319090705,0.42263554449322954,0.6347015603545789
0.741,0.3476180037419248,0.5191651308352979,0.6582992068937272
0.742,0.3476180037419248,0.5191651308352979,0.6583870902946315
0.743,0.3476180037419248,0.5191651308352979,0.6582992068937272
0.744,0.3476180037419248,0.5191651308352979,0.6583870902946315
0.745,0.3476180037419248,0.5191651308352979,0.6582992068937272
0.746,0.3476180037419248,0.5191651308352979,0.6583870902946315
0.747,0.3476180037419248,0.5191651308352979,0.6582992068937272
0.748,0.3476180037419248,0.5191651308352979,0.6583870902946315
0.749,0.3476180037419248,0.5191651308352979,0.6582992068937272
0.75,0.3165722968991668,0.49262688642263147,0.6593400680323136
0.751,0.1940209453386883,0.5362266497085869,0.7105153966929023
0.752,0.32446817094330704,0.5376661219368688,0.7105153966929023
0.753,0.1940209453386883,0.5349335978537201,0.7105153966929023
0.754,0.32446817094330704,0.5376661219368688,0.7105153966929023
0.755,0.1940209453386883,0.5349335978537201,0.7105153966929023
0.756,0.32446817094330704,0.5376661219368688,0.7105153966929023
0.757,0.1940209453386883,0.5349335978537201,0.7105153966929023
0.758,0.32446817094330704,0.5376661219368688,0.7105153966929023
0.759,0.1940209453386883,0.5349335978537201,0.7105153966929023
0.76,0.2707795963352189,0.5376661219368688,0.7117343743104275
0.761,0.24676701277463745,0.6212481472224044,0.7033322079751276
0.762,0.3048948307856074,0.6212481472224044,0.7033322079751276
0.763,0.24676701277463745,0.6212481472224044,0.7033322079751276
0.764,0.3048948307856074,0.6212481472224044,0.7033322079751276
0.765,0.24676701277463745,0.6212481472224044,0.7033322079751276
0.766,0.3048948307856074,0.6212481472224044,0.7033322079751276
0.767,0.24676701277463745,0.6212481472224044,0.7033322079751276
0.768,0.3048948307856074,0.6212481472224044,0.7033322079751276
0.769,0.24676701277463745,0.6212481472224044,0.7033322079751276
0.77,0.2457163315851338,0.47108608340470975,0.7302965331162365
0.771,0.1244794224634857,0.47077564890366286,0.8000895848993667
0.772,0.2863042301737207,0.47108608340470975,0.8000895848993667
0.773,0.1244794224634857,0.47077564890366286,0.8000895848993667
0.774,0.2863042301737207,0.47108608340470975,0.8000895848993667
0.775,0.24102867964215988,0.47077564890366286,0.8000895848993667
0.776,0.2863042301737207,0.47108608340470975,0.8000895848993667
0.777,0.24102867964215988,0.4043750632741122,0.8000895848993667
0.778,0.2863042301737207,0.47108608340470975,0.8000895848993667
0.779,0.24102867964215988,0.4043750632741122,0.7995783318023827
0.78,0.24102867964215988,0.5414579638178906,0.8485154830041095
0.781,0.1456795620396835,0.48067288279347753,0.8485154830041095
0.782,0.2601412102158342,0.4829507732934447,0.8485154830041095
0.783,0.1456795620396835,0.48067288279347753,0.8485154830041095
0.784,0.2601412102158342,0.4829507732934447,0.8485154830041095
0.785,0.1456795620396835,0.48067288279347753,0.8485154830041095
0.786,0.2601412102158342,0.4829507732934447,0.8485154830041095
0.787,0.1456795620396835,0.48067288279347753,0.8485154830041095
0.788,0.2601412102158342,0.4829507732934447,0.8485154830041095
0.789,0.13949138841204112,0.48067288279347753,0.8485154830041095
0.79,0.16259652022661497,0.49978194233900686,0.8632412865982604
0.791,0.16333412345556547,0.4944171947085787,0.8632412865982604
0.792,0.18477362569344757,0.49978194233900686,0.8632412865982604
0.793,0.16333412345556547,0.4944171947085787,0.8632412865982604
0.794,0.18477362569344757,0.49978194233900686,0.8632412865982604
0.795,0.18477362569344757,0.4944171947085787,0.8632412865982604
0.796,0.18477362569344757,0.49978194233900686,0.8632412865982604
0.797,0.18477362569344757,0.4944171947085787,0.8632412865982604
0.798,0.18477362569344757,0.49978194233900686,0.8632412865982604
0.799,0.18477362569344757,0.47149529576419263,0.8624415830298952
0.8,0.18196454066528317,0.49978194233900686,0.8624710934403952
0.801,0.18196454066528317,0.480390899592632,0.8624710934403952
0.802,-0.001964919359454073,0.29659948580397805,0.8306783788007498
0.803,0.18196454066528317,0.49978194233900686,0.8624710934403952
0.8039999999999999,0.18196454066528317,0.49978194233900686,0.8624710934403952
0.8049999999999999,0.18196454066528317,0.49978194233900686,0.8624710934403952
0.8059999999999999,0.18196454066528317,0.49978194233900686,0.8624710934403952
0.8069999999999999,0.18196454066528317,0.49978194233900686,0.8624710934403952
0.8079999999999999,0.18196454066528317,0.49978194233900686,0.8624710934403952
0.8089999999999999,0.18196454066528317,0.49978194233900686,0.8624710934403952
0.8099999999999999,0.14750850062377943,0.4716960513220427,0.6975366743946069
0.8109999999999999,0.14750850062377943,0.48193656753121555,0.7226700486401756
0.8119999999999999,0.14750850062377943,0.48193656753121555,0.7226700486401756
0.813,0.14750850062377943,0.48193656753121555,0.7226700486401756
0.814,0.14750850062377943,0.48193656753121555,0.7226700486401756
0.815,0.14750850062377943,0.48193656753121555,0.7226700486401756
0.816,0.14750850062377943,0.48193656753121555,0.7226700486401756
0.817,0.14750850062377943,0.48193656753121555,0.7226700486401756
0.818,0.14750850062377943,0.48193656753121555,0.7226700486401756
0.819,0.14750850062377943,0.48193656753121555,0.7226700486401756
0.82,0.07414804018167032,0.48193656753121555,0.7208354092234233
0.821,0.07414804018167032,0.4840876315076343,0.7992940672662355
0.822,0.07414804018167032,0.4840876315076343,0.7992940672662355
0.823,0.07414804018167032,0.4840876315076343,0.7992940672662355
0.824,0.07414804018167032,0.4840876315076343,0.7992940672662355
0.825,0.07414804018167032,0.4840876315076343,0.7992940672662355
0.826,0.07414804018167032,0.4840876315076343,0.7992940672662355
0.827,0.07414804018167032,0.4840876315076343,0.7992940672662355
0.828,0.07414804018167032,0.4840876315076343,0.7992940672662355
0.829,0.07414804018167032,0.4840876315076343,0.7992940672662355
0.83,0.007191515576987472,0.47225829108444856,0.7992940672662355
0.831,0.016133972739017018,0.5303930942941188,0.8488254745550454
0.832,0.016133972739017018,0.5303930942941188,0.8488254745550454
0.833,0.016133972739017018,0.5303930942941188,0.8488254745550454
0.834,0.016133972739017018,0.5303930942941188,0.8488254745550454
0.835,0.016133972739017018,0.5303930942941188,0.8488254745550454
0.836,0.016133972739017018,0.5303930942941188,0.8488254745550454
0.837,0.016133972739017018,0.5303930942941188,0.8488254745550454
0.838,0.016133972739017018,0.5303930942941188,0.8488254745550454
0.839,0.016133972739017018,0.5303930942941188,0.8488254745550454
0.84,0.016133972739017018,0.457894740897122,0.8488254745550454
0.841,0.08033565927460608,0.45832759424205655,0.8846273407694566
0.842,0.08033565927460608,0.45832759424205655,0.8846273407694566
0.843,0.08033565927460608,0.45832759424205655,0.8846273407694566
0.844,0.08033565927460608,0.45832759424205655,0.8846273407694566
0.845,0.08033565927460608,0.45832759424205655,0.8846273407694566
0.846,0.08033565927460608,0.45832759424205655,0.8846273407694566
0.847,0.08033565927460608,0.45832759424205655,0.8846273407694566
0.848,0.08033565927460608,0.45832759424205655,0.8846273407694566
0.849,0.08033565927460608,0.45832759424205655,0.8846273407694566
0.85,-0.08352630162060418,0.27704118970713587,0.8838202306084324
0.851,-0.035678307658614364,0.2946730648093319,0.9352004333984184
0.852,-0.035678307658614364,0.2946730648093319,0.9352004333984184
0.853,-0.035678307658614364,0.2946730648093319,0.9352004333984184
0.854,-0.035678307658614364,0.2946730648093319,0.9352004333984184
0.855,-0.035678307658614364,0.2946730648093319,0.9352004333984184
0.856,-0.035678307658614364,0.2946730648093319,0.9352004333984184
0.857,-0.035678307658614364,0.2946730648093319,0.9352004333984184
0.858,-0.035678307658614364,0.2946730648093319,0.9352004333984184
0.859,-0.035678307658614364,0.2946730648093319,0.9352004333984184
0.86,-0.035678307658614364,0.29370180580148014,0.9352004333984184
0.861,-0.035678307658614364,0.3636370261084129,0.9352004333984184
0.862,-0.035678307658614364,0.3636370261084129,0.9352004333984184
0.863,-0.035678307658614364,0.3636370261084129,0.9352004333984184
0.864,-0.035678307658614364,0.3636370261084129,0.9352004333984184
0.865,-0.035678307658614364,0.3636370261084129,0.9352004333984184
0.866,-0.035678307658614364,0.3636370261084129,0.9352004333984184
0.867,-0.035678307658614364,0.3636370261084129,0.9352004333984184
0.868,-0.035678307658614364,0.3636370261084129,0.9352004333984184
0.869,-0.035678307658614364,0.3636370261084129,0.9352004333984184
0.87,-0.0793711794781116,0.3616685527313946,0.9311234386602405
0.871,-0.013491916639959876,0.3636734131420365,0.9727666122971328
0.872,-0.013491916639959876,0.3636734131420365,0.9311234386602405
0.873,-0.013491916639959876,0.3636734131420365,0.9727666122971328
0.874,-0.013491916639959876,0.3636734131420365,0.9311234386602405
0.875,-0.013491916639959876,0.3636734131420365,0.9727666122971328
0.876,-0.013491916639959876,0.3636734131420365,0.9311234386602405
0.877,-0.013491916639959876,0.3636734131420365,0.9727666122971328
0.878,-0.013491916639959876,0.3636734131420365,0.9255571536383052
0.879,-0.013491916639959876,0.3636734131420365,0.9727666122971328
0.88,-0.013491916639959876,0.2802503642079425,0.8748342717530897
0.881,0.0509478555432329,0.2806898604525567,0.8748342717530897
0.882,0.0509478555432329,0.2806898604525567,0.8748342717530897
0.883,0.0509478555432329,0.2806898604525567,0.8748342717530897
0.884,0.0509478555432329,0.2806898604525567,0.8748342717530897
0.885,0.0509478555432329,0.2806898604525567,0.8748342717530897
0.886,0.0509478555432329,0.2806898604525567,0.8748342717530897
0.887,0.0509478555432329,0.2806898604525567,0.8748342717530897
0.888,-0.0483386732445396,0.24676962542708542,0.8748342717530897
0.889,0.0509478555432329,0.2806898604525567,0.8748342717530897
0.89,0.049717285323120065,0.23354589199796483,0.649312999584219
0.891,0.0744201124946983,0.23354589199796483,0.649312999584219
0.892,0.049717285323120065,0.23354589199796483,0.649312999584219
0.893,0.0744201124946983,0.23354589199796483,0.649312999584219
0.894,0.049717285323120065,0.23354589199796483,0.649312999584219
0.895,0.0744201124946983,0.23354589199796483,0.649312999584219
0.896,0.049717285323120065,0.23354589199796483,0.649312999584219
0.897,0.0744201124946983,0.23354589199796483,0.649312999584219
0.898,-0.006018229932061156,0.23354589199796483,0.649312999584219
0.899,0.0744201124946983,0.23354589199796483,0.6489927801454968
0.9,0.044608436435651426,0.20266726670596716,0.6281014634409703
0.901,0.047174243124762594,0.20266726670596716,0.6281014634409703
0.902,0.044608436435651426,0.20266726670596716,0.6281014634409703
0.903,0.047174243124762594,0.20266726670596716,0.6281014634409703
0.904,0.044608436435651426,0.20266726670596716,0.6281014634409703
0.905,0.047174243124762594,0.20266726670596716,0.6281014634409703
0.906,0.044608436435651426,0.20266726670596716,0.6281014634409703
0.907,0.047174243124762594,0.20266726670596716,0.6281014634409703
0.908,0.019994393714574808,0.11027938683672403,0.6281014634409703
0.909,0.04293108659766753,0.19431650887038396,0.6281014634409703
0.91,-0.1256893206780018,0.11402376219239106,0.565505084721892
0.911,-0.11446422849531851,0.11402376219239106,0.565505084721892
0.912,-0.11446422849531851,0.11402376219239106,0.565505084721892
0.913,-0.11446422849531851,0.11402376219239106,0.565505084721892
0.914,-0.11446422849531851,0.11402376219239106,0.565505084721892
0.915,-0.11446422849531851,0.11402376219239106,0.565505084721892
0.916,-0.11446422849531851,0.11402376219239106,0.565505084721892
0.917,-0.11446422849531851,0.11402376219239106,0.565505084721892
0.918,-0.11446422849531851,0.11402376219239106,0.565505084721892
0.919,-0.11446422849531851,0.11402376219239106,0.5631422010014577
0.92,-0.23735991682651109,0.11015712986758074,0.5636162939406326
0.921,-0.23735991682651109,0.10950960683661295,0.5631313229534253
0.922,-0.23735991682651109,0.10950960683661295,0.5631313229534253
0.923,-0.23735991682651109,0.10950960683661295,0.5631313229534253
0.924,-0.23735991682651109,0.10950960683661295,0.5631313229534253
0.925,-0.23735991682651109,0.10950960683661295,0.5631313229534253
0.926,-0.23735991682651109,0.10950960683661295,0.5631313229534253
0.927,-0.23735991682651109,0.10950960683661295,0.5631313229534253
0.928,-0.26484578253076185,0.09155674970582617,0.5306541836379884
0.929,-0.23768212013947393,0.08256352751509684,0.5631313229534253
0.93,-0.5074003629062023,-0.2902852258298841,-0.1142692970241393
0.931,-0.24443266027900254,0.043090003348088546,0.5981088048010866
0.932,-0.24443266027900254,0.043090003348088546,0.5981088048010866
0.9329999999999999,-0.24443266027900254,0.043090003348088546,0.5981088048010866
0.9339999999999999,-0.24443266027900254,0.043090003348088546,0.5981088048010866
0.9349999999999999,-0.24443266027900254,0.043090003348088546,0.5981088048010866
0.9359999999999999,-0.24443266027900254,0.043090003348088546,0.5981088048010866
0.9369999999999999,-0.24443266027900254,0.043090003348088546,0.5981088048010866
0.938,-0.24443266027900254,0.043090003348088546,0.5981088048010866
0.939,-0.24443266027900254,0.043090003348088546,0.5981088048010866
0.94,-0.24443266027900254,0.043090003348088546,0.5972485149045909
0.941,-0.23248668179478532,0.039540306217071164,0.6304440311243312
0.942,-0.23248668179478532,0.039540306217071164,0.6304440311243312
0.943,-0.23248668179478532,0.039540306217071164,0.6304440311243312
0.944,-0.23248668179478532,0.039540306217071164,0.6304440311243312
0.945,-0.23248668179478532,0.039540306217071164,0.6304440311243312
0.946,-0.23248668179478532,0.039540306217071164,0.6304440311243312
0.947,-0.23248668179478532,0.039540306217071164,0.6304440311243312
0.948,-0.23248668179478532,0.039540306217071164,0.6304440311243312
0.949,-0.23248668179478532,0.039540306217071164,0.6304440311243312
0.95,-0.350235184970059,0.039540306217071164,0.612896348648028
0.951,-0.350235184970059,0.006258669592085493,0.5882329205687684
0.952,-0.350235184970059,0.006258669592085493,0.5882329205687684
0.953,-0.350235184970059,0.006258669592085493,0.5882329205687684
0.954,-0.350235184970059,0.006258669592085493,0.5882329205687684
0.955,-0.350235184970059,0.006258669592085493,0.5882329205687684
0.956,-0.350235184970059,0.006258669592085493,0.5882329205687684
0.957,-0.350235184970059,0.006258669592085493,0.5882329205687684
0.958,-0.350235184970059,0.006258669592085493,0.5882329205687684
0.959,-0.350235184970059,0.006258669592085493,0.5882329205687684
0.96,-0.3609731451351421,-0.039924670149698305,0.5325105384073979
0.961,-0.3609731451351421,-0.013066022329911702,0.478504681120533
0.962,-0.3609731451351421,-0.013066022329911702,0.478504681120533
0.963,-0.3609731451351421,-0.013066022329911702,0.478504681120533
0.964,-0.3609731451351421,-0.013066022329911702,0.478504681120533
0.965,-0.3609731451351421,-0.013066022329911702,0.478504681120533
0.966,-0.3609731451351421,-0.013066022329911702,0.478504681120533
0.967,-0.3609731451351421,-0.013066022329911702,0.478504681120533
0.968,-0.3609731451351421,-0.013066022329911702,0.478504681120533
0.969,-0.3609731451351421,-0.013066022329911702,0.478504681120533
0.97,-0.4394084750020417,-0.013066022329911702,0.3203460243604868
0.971,-0.4167528736735271,0.07611373061658896,0.3113984491712134
0.972,-0.4167528736735271,0.07611373061658896,0.3113984491712134
0.973,-0.4167528736735271,0.07611373061658896,0.3113984491712134
0.974,-0.4167528736735271,0.07611373061658896,0.3113984491712134
0.975,-0.4167528736735271,0.07611373061658896,0.3113984491712134
0.976,-0.4167528736735271,0.07611373061658896,0.3113984491712134
0.977,-0.4167528736735271,0.07611373061658896,0.3113984491712134
0.978,-0.4167528736735271,0.07611373061658896,0.3113984491712134
0.979,-0.4167528736735271,0.07611373061658896,0.3113984491712134
0.98,-0.5024548283338625,-0.1632342339842644,0.2724047844571491
0.981,-0.5024548283338625,-0.20537184041956819,0.18794096578765693
0.982,-0.5024548283338625,-0.20537184041956819,0.18794096578765693
0.983,-0.5024548283338625,-0.20537184041956819,0.18794096578765693
0.984,-0.5024548283338625,-0.20537184041956819,0.18794096578765693
0.985,-0.5024548283338625,-0.20537184041956819,0.18794096578765693
0.986,-0.5024548283338625,-0.20537184041956819,0.18794096578765693
0.987,-0.5024548283338625,-0.20537184041956819,0.18794096578765693
0.988,-0.5024548283338625,-0.20537184041956819,0.18794096578765693
0.989,-0.5024548283338625,-0.20537184041956819,0.18794096578765693
0.99,-0.5683952159183624,-0.28891328739841776,0.17049626055375863
0.991,-0.5962374379372202,-0.3560858160514961,0.14580513387781785
0.992,-0.5962374379372202,-0.3560858160514961,0.14580513387781785
0.993,-0.5962374379372202,-0.3560858160514961,0.14580513387781785
0.994,-0.5962374379372202,-0.3560858160514961,0.14580513387781785
0.995,-0.5962374379372202,-0.3560858160514961,0.14580513387781785
0.996,-0.5962374379372202,-0.3560858160514961,0.14580513387781785
0.997,-0.5962374379372202,-0.3560858160514961,0.14580513387781785
0.998,-0.5962374379372202,-0.3560858160514961,0.14580513387781785
0.999,-0.5962374379372202,-0.3560858160514961,0.14580513387781785
1.0,0.5317200683088253,1.1876666847040294,1.5091450708607677
